Month,Max TemperatureF
Jan,32.133333
Apr,61.95604
Jul,68.93478
Oct,43.434783
